{"train loss": 0.4367601901292801, "_timestamp": 1687781597.2987902, "train time (s)": 0.8203966617584229, "_runtime": 429.4402461051941, "_step": 400, "HR@10": 0.41050903119868637, "NDCG@10": 0.2248686717210796, "MAP@10": 0.1683334636536607, "MAR@10": 0.1683334636536607, "_wandb": {"runtime": 431}}