{"train loss": 0.36678732819855214, "_timestamp": 1687812242.5110333, "train time (s)": 2.3215599060058594, "_runtime": 1356.651521205902, "_step": 400, "HR@10": 0.43349753694581283, "NDCG@10": 0.22844387347491574, "MAP@10": 0.16690319806083354, "MAR@10": 0.16690319806083354, "_wandb": {"runtime": 1358}}