{"train loss": 0.4507629156112671, "_timestamp": 1687799434.3721163, "train time (s)": 0.9671964645385742, "_runtime": 431.2271203994751, "_step": 400, "HR@10": 0.4154351395730706, "NDCG@10": 0.2269374165931197, "MAP@10": 0.169884927150937, "MAR@10": 0.169884927150937, "_wandb": {"runtime": 432}}