{"train loss": 0.3786056887358427, "_timestamp": 1687798250.6222804, "train time (s)": 1.7770450115203857, "_runtime": 455.3957962989807, "_step": 400, "HR@10": 0.4367816091954023, "NDCG@10": 0.23715922258380354, "MAP@10": 0.1767462923866865, "MAR@10": 0.1767462923866865, "_wandb": {"runtime": 456}}