{"train loss": 0.4625281357765198, "_timestamp": 1687868197.9740372, "train time (s)": 4.868765830993652, "_runtime": 404.1567680835724, "_step": 74, "HR@10": 0.33625827814569537, "NDCG@10": 0.16805923885476667, "MAP@10": 0.11753370387890257, "MAR@10": 0.11753370387890257, "_wandb": {"runtime": 407}}