{"train loss": 0.47071521371603015, "_timestamp": 1688039299.7698326, "train time (s)": 1.3755817413330078, "_runtime": 7825.66867351532, "_step": 1000, "HR@10": 0.24280801482365505, "NDCG@10": 0.11737889037151593, "MAP@10": 0.08003556111891279, "MAR@10": 0.08003556111891279, "_wandb": {"runtime": 7825}}