{"train loss": 0.5967383682727814, "_timestamp": 1687782326.4900646, "train time (s)": 1.0197880268096924, "_runtime": 146.7406816482544, "_step": 160, "HR@10": 0.19376026272577998, "NDCG@10": 0.08466016077324531, "MAP@10": 0.05213855657205411, "MAR@10": 0.05213855657205411, "_wandb": {"runtime": 146}}