{"train loss": 0.4248235896229744, "_timestamp": 1687798756.835615, "train time (s)": 1.0311241149902344, "_runtime": 433.51951003074646, "_step": 400, "HR@10": 0.3957307060755337, "NDCG@10": 0.21125057711567616, "MAP@10": 0.15524474157479085, "MAR@10": 0.15524474157479085, "_wandb": {"runtime": 434}}