{"train loss": 0.48564434722065924, "_timestamp": 1687438701.151972, "train time (s)": 1.04541015625, "_runtime": 327.604532957077, "_step": 246, "HR@10": 0.22167487684729065, "NDCG@10": 0.1018172072771406, "MAP@10": 0.06640341960539005, "MAR@10": 0.06640341960539005, "_wandb": {"runtime": 327}}