{"train loss": 0.2420740433735773, "_timestamp": 1687824364.5438282, "train time (s)": 3.3730266094207764, "_runtime": 1327.65589427948, "_step": 400, "HR@10": 0.40229885057471265, "NDCG@10": 0.21625055279782643, "MAP@10": 0.16026468058487764, "MAR@10": 0.16026468058487764, "_wandb": {"runtime": 1329}}