{"train loss": 0.6052828478813171, "_timestamp": 1686303435.4506772, "train time (s)": 4.9018800258636475, "_runtime": 15.389914274215698, "_step": 3, "_wandb": {"runtime": 18}}