{"train loss": 0.48978275269269944, "_timestamp": 1687771508.2914722, "train time (s)": 5.455960273742676, "_runtime": 261.2467601299286, "_step": 50, "HR@10": 0.24466338259441708, "NDCG@10": 0.11228463785310455, "MAP@10": 0.07318268303489979, "MAR@10": 0.07318268303489979, "_wandb": {"runtime": 262}}