{"train loss": 0.07073139652035025, "_timestamp": 1687352133.4890776, "train time (s)": 3.206753969192505, "_runtime": 355.1785385608673, "_step": 82, "HR@10": 0.06403940886699508, "NDCG@10": 0.0207889047259727, "MAP@10": 0.008963432116141475, "MAR@10": 0.008963432116141475, "_wandb": {"runtime": 356}}