{"train loss": 0.3747469249367714, "_timestamp": 1687860493.2519126, "train time (s)": 5.183518886566162, "_runtime": 4195.048380613327, "_step": 400, "HR@10": 0.5456953642384106, "NDCG@10": 0.3026876126267607, "MAP@10": 0.22847110532954903, "MAR@10": 0.22847110532954903, "_wandb": {"runtime": 4230}}