{"train loss": 0.43035892099142076, "_timestamp": 1687782073.972235, "train time (s)": 0.9962608814239502, "_runtime": 426.09952187538147, "_step": 400, "HR@10": 0.4154351395730706, "NDCG@10": 0.2204236803345529, "MAP@10": 0.16101923528031903, "MAR@10": 0.16101923528031903, "_wandb": {"runtime": 427}}