{"train loss": 0.4689022243022919, "_timestamp": 1687797709.9001887, "train time (s)": 1.3555009365081787, "_runtime": 176.40502858161926, "_step": 157, "HR@10": 0.31527093596059114, "NDCG@10": 0.16420941152909937, "MAP@10": 0.11905087705580317, "MAR@10": 0.11905087705580317, "_wandb": {"runtime": 175}}