{"train loss": 0.5687220830917359, "_timestamp": 1688029883.708548, "train time (s)": 78.42969274520874, "_runtime": 2738.586897134781, "_step": 33, "HR@10": 0.19831349517917152, "NDCG@10": 0.08891499465350551, "MAP@10": 0.05659305500096461, "MAR@10": 0.05659305500096461, "_wandb": {"runtime": 2755}}