{"train loss": 0.35819206926971675, "_timestamp": 1687807909.706778, "train time (s)": 2.3643693923950195, "_runtime": 1371.5095200538635, "_step": 400, "HR@10": 0.42528735632183906, "NDCG@10": 0.2225614392179079, "MAP@10": 0.16155745823233508, "MAR@10": 0.16155745823233508, "_wandb": {"runtime": 1373}}