{"train loss": 0.3191047326475382, "_timestamp": 1686651471.1819675, "train time (s)": 10.349865198135376, "_runtime": 3727.572827577591, "_step": 500, "_wandb": {"runtime": 3756}}