{"train loss": 0.02575504164211452, "_timestamp": 1687352344.5797744, "train time (s)": 8.124757766723633, "_runtime": 205.72318148612976, "_step": 21, "HR@10": 0.20844370860927153, "NDCG@10": 0.08939319909041113, "MAP@10": 0.054398783243981924, "MAR@10": 0.054398783243981924, "_wandb": {"runtime": 207}}