{"train loss": 0.4098438048362732, "_timestamp": 1687865715.66913, "train time (s)": 4.564229726791382, "_runtime": 796.2118971347809, "_step": 145, "HR@10": 0.4637417218543046, "NDCG@10": 0.25669903777987385, "MAP@10": 0.19383048197203825, "MAR@10": 0.19383048197203825}