{"train loss": 0.47385537475347517, "_timestamp": 1687867751.4938269, "train time (s)": 5.093770265579224, "_runtime": 214.7580599784851, "_step": 39, "HR@10": 0.24288079470198676, "NDCG@10": 0.11137903066311564, "MAP@10": 0.07246623042152843, "MAR@10": 0.07246623042152843, "_wandb": {"runtime": 216}}