{"train loss": 0.47673633337020876, "_timestamp": 1687864846.6115103, "train time (s)": 5.343554496765137, "_runtime": 461.9179313182831, "_step": 86, "HR@10": 0.35596026490066224, "NDCG@10": 0.18057321385973946, "MAP@10": 0.1277706822243246, "MAR@10": 0.1277706822243246, "_wandb": {"runtime": 466}}