{"train loss": 0.39982311204075816, "_timestamp": 1687806250.0221448, "train time (s)": 1.3578221797943115, "_runtime": 699.6431946754456, "_step": 400, "HR@10": 0.4433497536945813, "NDCG@10": 0.23247933125413525, "MAP@10": 0.1696698986107853, "MAR@10": 0.1696698986107853, "_wandb": {"runtime": 701}}