{"train loss": 0.29582956433296204, "_timestamp": 1687192640.8166595, "train time (s)": 1.44046950340271, "_runtime": 465.66714453697205, "_step": 220, "HR@k": 0.41324503311258276, "NDCG@k": 0.2315646243337876, "MAP@K": 0.17604744822873958, "MAR@K": 0.17604744822873958, "_wandb": {"runtime": 466}}