{"train loss": 0.21144016372971236, "_timestamp": 1686050815.091382, "train time (s)": 12.230772495269775, "_runtime": 6756.674520969391, "_step": 500, "_wandb": {"runtime": 6802}}