{"train loss": 0.30523007676005365, "_timestamp": 1686053102.809378, "train time (s)": 2.432396173477173, "_runtime": 1356.5733478069305, "_step": 500, "_wandb": {"runtime": 1454}}