{"train loss": 0.4302993878722191, "_timestamp": 1687782788.1108015, "train time (s)": 0.8103163242340088, "_runtime": 422.6742043495178, "_step": 400, "HR@10": 0.3530377668308703, "NDCG@10": 0.18580258122882928, "MAP@10": 0.13501511715797432, "MAR@10": 0.13501511715797432, "_wandb": {"runtime": 424}}