{"train loss": 0.5133041515946388, "_timestamp": 1687823008.52826, "train time (s)": 2.0777206420898438, "_runtime": 707.8460659980774, "_step": 213, "HR@10": 0.2791461412151067, "NDCG@10": 0.13247501217561616, "MAP@10": 0.08853246279354653, "MAR@10": 0.08853246279354653, "_wandb": {"runtime": 708}}