{"train loss": 0.4163396605849266, "_timestamp": 1686303704.785432, "train time (s)": 3.9542672634124756, "_runtime": 38.229679107666016, "_step": 8, "_wandb": {"runtime": 40}}