{"train loss": 0.490582220852375, "_timestamp": 1687214971.0538023, "train time (s)": 12.019041538238525, "_runtime": 34.89315629005432, "_step": 4, "_wandb": {"runtime": 41}}