{"train loss": 0.6888664782047271, "_timestamp": 1687854757.4400797, "train time (s)": 1.2103476524353027, "_runtime": 3.2250096797943115, "_step": 2, "_wandb": {"runtime": 3}}