{"train loss": 0.46179055124521257, "_timestamp": 1687793033.9354591, "train time (s)": 1.3157689571380615, "_runtime": 670.4176790714264, "_step": 400, "HR@10": 0.38752052545155996, "NDCG@10": 0.214797369263266, "MAP@10": 0.16279094013084158, "MAR@10": 0.16279094013084158, "_wandb": {"runtime": 672}}