{"train loss": 0.5368660919368267, "_timestamp": 1687809462.626291, "train time (s)": 3.193528413772583, "_runtime": 71.69133400917053, "_step": 21, "HR@10": 0.23645320197044334, "NDCG@10": 0.10588024409256844, "MAP@10": 0.06716318711392603, "MAR@10": 0.06716318711392603, "_wandb": {"runtime": 73}}