{"train loss": 0.47595093041658404, "_timestamp": 1687351736.811661, "train time (s)": 6.081279754638672, "_runtime": 27.215677976608276, "_step": 5, "_wandb": {"runtime": 29}}