{"train loss": 0.4219953969120979, "_timestamp": 1687796480.2132022, "train time (s)": 5.516975402832031, "_runtime": 1821.0802881717682, "_step": 400, "HR@10": 0.4318555008210181, "NDCG@10": 0.22940678832320235, "MAP@10": 0.1686859801391821, "MAR@10": 0.1686859801391821, "_wandb": {"runtime": 1823}}