{"train loss": 0.6072075891494751, "_timestamp": 1687193166.5492327, "train time (s)": 8.030718088150024, "_runtime": 16.267114639282227, "_step": 2, "_wandb": {"runtime": 20}}