{"train loss": 0.4448253482580185, "_timestamp": 1687772431.5704322, "train time (s)": 0.7324628829956055, "_runtime": 377.7260231971741, "_step": 357, "HR@10": 0.38095238095238093, "NDCG@10": 0.20298052542903014, "MAP@10": 0.14906430004952173, "MAR@10": 0.14906430004952173, "_wandb": {"runtime": 376}}