{"train loss": 0.4620824486017227, "_timestamp": 1687797516.5816226, "train time (s)": 1.0262606143951416, "_runtime": 242.04846262931824, "_step": 230, "HR@10": 0.33825944170771755, "NDCG@10": 0.170819914879237, "MAP@10": 0.12134907602887898, "MAR@10": 0.12134907602887898, "_wandb": {"runtime": 241}}