{"train loss": 0.4803910234570503, "_timestamp": 1688031408.9642878, "train time (s)": 1.3473882675170898, "_runtime": 1406.8848187923431, "_step": 187, "HR@10": 0.21656826104707766, "NDCG@10": 0.09990451721321093, "MAP@10": 0.06531824422240866, "MAR@10": 0.06531824422240866, "_wandb": {"runtime": 1406}}