{"train loss": 0.34498895313590766, "_timestamp": 1687815500.1377578, "train time (s)": 2.9087882041931152, "_runtime": 1337.7539687156677, "_step": 400, "HR@10": 0.4367816091954023, "NDCG@10": 0.2222031058179629, "MAP@10": 0.15749602523001535, "MAR@10": 0.15749602523001535, "_wandb": {"runtime": 1339}}