{"train loss": 0.6190778374671936, "_timestamp": 1687193232.0809808, "train time (s)": 8.328221559524536, "_runtime": 19.454338788986206, "_step": 2, "_wandb": {"runtime": 25}}