{"train loss": 0.43490615487098694, "_timestamp": 1687771949.4237664, "train time (s)": 1.039978265762329, "_runtime": 424.35680747032166, "_step": 400, "HR@10": 0.3760262725779967, "NDCG@10": 0.20052854592084995, "MAP@10": 0.14732061406938254, "MAR@10": 0.14732061406938254, "_wandb": {"runtime": 423}}