{"train loss": 0.39166050374507905, "_timestamp": 1687869697.5471847, "train time (s)": 2.212388038635254, "_runtime": 1440.3881006240845, "_step": 400, "HR@10": 0.5653973509933775, "NDCG@10": 0.32004694401842076, "MAP@10": 0.2453503101019657, "MAR@10": 0.2453503101019657, "_wandb": {"runtime": 1475}}