{"train loss": 0.47318947315216064, "_timestamp": 1687509576.6490755, "train time (s)": 0.5014169216156006, "_runtime": 386.8722815513611, "_step": 400, "HR@10": 0.3415435139573071, "NDCG@10": 0.18208187205354737, "MAP@10": 0.13359006437824172, "MAR@10": 0.13359006437824172, "_wandb": {"runtime": 386}}