{"train loss": 0.4531024985015392, "_timestamp": 1687810796.7960787, "train time (s)": 3.298830986022949, "_runtime": 1317.857795715332, "_step": 400, "HR@10": 0.4351395730706076, "NDCG@10": 0.2229726036561001, "MAP@10": 0.15894649047358408, "MAR@10": 0.15894649047358408, "_wandb": {"runtime": 1319}}