{"train loss": 0.4454996079206467, "_timestamp": 1687781086.914266, "train time (s)": 1.1037802696228027, "_runtime": 493.5115330219269, "_step": 458, "HR@10": 0.42528735632183906, "NDCG@10": 0.22875766067991263, "MAP@10": 0.16940860635441915, "MAR@10": 0.16940860635441915, "_wandb": {"runtime": 493}}