{"train loss": 0.4755954459309578, "_timestamp": 1687783172.9877589, "train time (s)": 0.7152390480041504, "_runtime": 217.95283889770508, "_step": 221, "HR@10": 0.29064039408866993, "NDCG@10": 0.14245614703407972, "MAP@10": 0.09770505903510829, "MAR@10": 0.09770505903510829, "_wandb": {"runtime": 217}}