{"train loss": 0.35263721235096457, "_timestamp": 1687805189.8414896, "train time (s)": 1.3439984321594238, "_runtime": 699.5630066394806, "_step": 356, "HR@10": 0.41379310344827586, "NDCG@10": 0.21541532437200592, "MAP@10": 0.15559725806031224, "MAR@10": 0.15559725806031224, "_wandb": {"runtime": 700}}