{"train loss": 0.4528092662990093, "_timestamp": 1686053861.4000535, "train time (s)": 14.603306531906128, "_runtime": 33.982903480529785, "_step": 2, "_wandb": {"runtime": 44}}