{"train loss": 0.465888175368309, "_timestamp": 1687510159.453068, "train time (s)": 1.6431152820587158, "_runtime": 487.8291230201721, "_step": 501, "HR@10": 0.3415435139573071, "NDCG@10": 0.17718155452044215, "MAP@10": 0.12775236531394168, "MAR@10": 0.12775236531394168, "_wandb": {"runtime": 487}}