{"train loss": 0.40283764004707334, "_timestamp": 1687773529.5584157, "train time (s)": 0.6751751899719238, "_runtime": 1057.659417629242, "_step": 1000, "HR@10": 0.4121510673234811, "NDCG@10": 0.22016016184900863, "MAP@10": 0.16164086324184845, "MAR@10": 0.16164086324184845, "_wandb": {"runtime": 1059}}