{"train loss": 0.31214391902089117, "_timestamp": 1687355846.639811, "train time (s)": 7.295514106750488, "_runtime": 3249.4160480499268, "_step": 400, "HR@10": 0.5657284768211921, "NDCG@10": 0.31957297989279254, "MAP@10": 0.24438005886681385, "MAR@10": 0.24438005886681385, "_wandb": {"runtime": 3248}}