{"train loss": 0.4561062955856323, "_timestamp": 1687215179.7144513, "train time (s)": 10.124815702438354, "_runtime": 142.94708919525146, "_step": 16, "HR@k": 0.11473509933774835, "NDCG@k": 0.05477350413118165, "MAP@K": 0.036880255965520865, "MAR@K": 0.036880255965520865, "_wandb": {"runtime": 147}}