{"train loss": 0.0, "_timestamp": 1686647680.552713, "train time (s)": 3.4879281520843506, "_runtime": 475.63698983192444, "_step": 138, "_wandb": {"runtime": 475}}