{"train loss": 0.38513738811016085, "_timestamp": 1687854692.8487642, "train time (s)": 0.7284789085388184, "_runtime": 452.48532915115356, "_step": 400, "HR@10": 0.41707717569786534, "NDCG@10": 0.2252907754744523, "MAP@10": 0.16733781635259468, "MAR@10": 0.16733781635259468, "_wandb": {"runtime": 454}}