{"train loss": 0.4906231537461281, "_timestamp": 1687192035.3134363, "train time (s)": 10.272585153579712, "_runtime": 41.190996170043945, "_step": 4, "_wandb": {"runtime": 52}}