{"train loss": 0.4132537838071585, "_timestamp": 1687353547.632737, "train time (s)": 1.549163579940796, "_runtime": 763.8086538314819, "_step": 400, "HR@10": 0.42528735632183906, "NDCG@10": 0.22881967304011178, "MAP@10": 0.16978588370213987, "MAR@10": 0.16978588370213987, "_wandb": {"runtime": 763}}