{"train loss": 0.32324008017778394, "_timestamp": 1686662953.7333796, "train time (s)": 11.237313508987427, "_runtime": 3170.646739721298, "_step": 400, "HR@k": 0.4382450331125828, "NDCG@k": 0.2419198791028687, "MAP@K": 0.18208648691264584, "MAR@K": 0.18208648691264584, "_wandb": {"runtime": 3201}}