{"train loss": 0.4243805602192879, "_timestamp": 1687794601.7130787, "train time (s)": 3.768843412399292, "_runtime": 652.1782608032227, "_step": 221, "HR@10": 0.39408866995073893, "NDCG@10": 0.20901938382881455, "MAP@10": 0.15338181249511298, "MAR@10": 0.15338181249511298, "_wandb": {"runtime": 652}}