{"train loss": 0.45893568843603133, "_timestamp": 1688366817.2274706, "train time (s)": 0.33686017990112305, "_runtime": 412.456351518631, "_step": 1000, "HR@10": 0.3554939981532779, "NDCG@10": 0.21600365811060743, "MAP@10": 0.17403303580588897, "MAR@10": 0.17403303580588897, "_wandb": {"runtime": 413}}